{
  "classification_best": {
    "algorithm": "gradient_boosting_classifier",
    "accuracy": 0.9747474747474747,
    "precision": 1.0,
    "recall": 0.96875,
    "sensitivity": 0.96875,
    "f1": 0.9841269841269841,
    "roc_auc": 0.9980263157894738,
    "pr_auc": 0.9995547131896236,
    "cross_validation_f1_mean": 0.9799412496012486,
    "cross_validation_f1_std": 0.009276945200192501
  },
  "regression_best": {
    "algorithm": "linear_regression",
    "mae": 0.3008190211768517,
    "rmse": 0.38342527722882996,
    "r2": 0.85831506402536
  },
  "clustering_best": {
    "algorithm": "kmeans",
    "num_clusters": 4,
    "noise_ratio": 0.0,
    "silhouette": 0.09013729222876894,
    "calinski_harabasz": 21.160696775667674,
    "davies_bouldin": 2.427320335563464
  }
}