algorithm,mae,rmse,r2
linear_regression,0.3008190211768517,0.38342527722882996,0.85831506402536
gradient_boosting_regressor,0.3100879381937712,0.39482862984980743,0.8497621114995333
random_forest_regressor,0.3189708041958043,0.4174617478090223,0.8320439811143872
